{
  "current_config": {
    "single_image": {
      "avg_time": 0.05880627632141113,
      "throughput": 17.00498760598967,
      "times": [
        0.06064486503601074,
        0.05903792381286621,
        0.05956077575683594,
        0.05643296241760254,
        0.058354854583740234
      ]
    },
    "batch_processing": {
      "batch_size": 10,
      "avg_time": 0.3377676010131836,
      "throughput": 29.606155149290604,
      "per_image_time": 0.03377676010131836,
      "efficiency": 1.7410277405237524,
      "times": [
        0.37333202362060547,
        0.32372188568115234,
        0.31624889373779297
      ]
    }
  },
  "local_vs_distributed": {
    "local": {
      "avg_time": 0.06420048077901204,
      "times": [
        0.06494593620300293,
        0.06412124633789062,
        0.06353425979614258
      ]
    },
    "distributed": {
      "error": "分布式计算不可用"
    }
  },
  "batch_sizes": {
    "1": {
      "avg_time": 0.06528910001118977,
      "throughput": 15.316492336831292,
      "per_image_time": 0.06528910001118977,
      "times": [
        0.0652611255645752,
        0.06348299980163574,
        0.0671231746673584
      ]
    },
    "2": {
      "avg_time": 0.1484053134918213,
      "throughput": 13.47660641618618,
      "per_image_time": 0.07420265674591064,
      "times": [
        0.15208125114440918,
        0.1485309600830078,
        0.14460372924804688
      ]
    },
    "4": {
      "avg_time": 0.16368889808654785,
      "throughput": 24.436599224249555,
      "per_image_time": 0.04092222452163696,
      "times": [
        0.16406488418579102,
        0.1626129150390625,
        0.16438889503479004
      ]
    },
    "8": {
      "avg_time": 0.3075703779856364,
      "throughput": 26.01030714464187,
      "per_image_time": 0.03844629724820455,
      "times": [
        0.3169059753417969,
        0.3034501075744629,
        0.3023550510406494
      ]
    },
    "16": {
      "avg_time": 1.8309187094370525,
      "throughput": 8.73878229411915,
      "per_image_time": 0.11443241933981578,
      "times": [
        1.8838801383972168,
        1.8227050304412842,
        1.7861709594726562
      ]
    }
  }
}